name,1950,1951,1952,1953,1954,1955,1956,1957,1958,1959,1960,1961,1962,1963,1964,1965,1966,1967,1968,1969,1970,1971,1972,1973,1974,1975,1976,1977,1978,1979,1980,1981,1982,1983,1984,1985,1986,1987,1988,1989,1990,1991,1992,1993,1994,1995,1996,1997,1998,1999,2000,2001,2002,2003,2004,2005,2006,2007,2008,2009,2010,2011,2012,2013,2014,2015,2016,2017,2018,2019,2020
Australia,8178700,8421700,8636500,8815300,8986500,9199700,9425500,9640200,9842400,10056400,10275000,10508200,10700500,10906900,11121600,11340900,11599498,11799078,12008635,12263014,12507349,13067265,13303664,13504538,13722571,13892995,14033083,14192234,14359255,14515729,14695356,14923260,15184247,15393472,15579391,15788312,16018350,16263874,16532164,16814416,17065128,17284036,17478635,17634808,17805468,18004882,18224767,18423037,18607584,18812264,19028802,19274701,19495210,19720737,19932722,20176844,20450966,20827622,21249199,21691653,22031750,22340024,22733465,23128129,23475686,23815995,24190907,24601860,24982688,25365745,25698093
Austria,6935100,6935451,6927772,6932483,6940209,6946885,6952359,6965860,6987358,7014331,7047539,7086299,7129864,7175811,7223801,7270889,7322066,7376998,7415403,7441055,7467086,7500482,7544201,7586115,7599038,7578903,7565525,7568430,7562305,7549425,7549433,7568710,7574140,7561910,7561434,7564984,7569794,7574586,7585317,7619566,7677850,7754891,7840709,7905632,7936118,7948278,7959016,7968041,7976789,7992323,8011566,8042293,8082121,8118245,8169441,8225278,8267948,8295189,8321541,8341483,8361069,8388534,8426311,8477230,8543932,8629519,8739806,8795073,8837707,8877637,8916845
Belgium,8639369,8678386,8730405,8777873,8819374,8868451,8923800,8989050,9052650,9103712,9153490,9183948,9220578,9289770,9378114,9463668,9527808,9580991,9618756,9646033,9655550,9673162,9711115,9741721,9772420,9800700,9818228,9830358,9839534,9848382,9859243,9858982,9856303,9855521,9855372,9858309,9861824,9870234,9901665,9937697,9967378,10004486,10045165,10084479,10115601,10136814,10156641,10181246,10203012,10226419,10251247,10286571,10332783,10376130,10421133,10478617,10547956,10625701,10709976,10796498,10895589,10993616,11067748,11125033,11179778,11238474,11295003,11349081,11403740,11462023,11506938
Canada,14018606,14318204,14776291,15169815,15620550,16040090,16431419,16970940,17450075,17861347,18256447,18634666,18989309,19347231,19719595,20084314,20420867,20795138,21129417,21439830,21746497,21962032,22218463,22491777,22807969,23143275,23449808,23725843,23963203,24201544,24515667,24819915,25116942,25366451,25607053,25842116,26100278,26446601,26791747,27276781,27691138,28037420,28371264,28684764,29000663,29302311,29610218,29905948,30155173,30401286,30685730,31020902,31360079,31644028,31940655,32243753,32571174,32889025,33247118,33628895,34004889,34339328,34714222,35082954,35437435,35702908,36109487,36545295,37065178,37593384,38005238
Chile,6081931,6218333,6354736,6491137,6627540,6763940,6939809,7115675,7291542,7467409,7643277,7843945,8044614,8245284,8445953,8646622,8831223,9015825,9200427,9385028,9569631,9738347,9907065,10075782,10244501,10413219,10565409,10717600,10869791,11021982,11174173,11359773,11545372,11730972,11916572,12102174,12317494,12532815,12748135,12963457,13178782,13422010,13737062,13956766,14171821,14381249,14584947,14782706,14974898,15162353,15343326,15520049,15691701,15856977,16022133,16183489,16347890,16517933,16697754,16881078,17063927,17254159,17443491,17611902,17787617,17971423,18167147,18419192,18751405,19107216,19458310
Colombia,11981576,12295965,12633899,12993849,13374543,13774999,14194561,14632794,15089522,15564624,16057714,16567817,17092919,17629978,18175187,18725242,19279734,19837508,20393704,20942453,21480064,22003983,22516429,23024512,23538390,24065502,24608102,25164544,25733669,26312996,26900508,27496608,28101824,28714183,29331230,30802221,31439997,32096973,32767110,33446912,34130022,34830570,35520940,36207108,36853905,37472184,38068050,38635691,39184456,39730798,40295563,40813541,41328824,41848959,42368489,42888592,43405956,43926929,44451147,44978832,45509584,46044601,46581823,47121089,47661787,48203405,48747708,49291609,49834240,50374478,50911747
Costa Rica,868934,897630,929173,962485,997535,1035424,1075192,1117281,1159770,1204553,1251508,1301084,1352695,1403804,1455625,1507565,1559922,1612363,1664202,1715441,1763665,1812029,1860528,1909614,1959976,2009819,2063320,2117790,2177452,2239890,2304094,2370060,2437231,2505453,2573769,2646142,2726063,2804079,2878888,2955335,3029336,3101536,3170537,3239868,3334223,3428278,3520866,3611224,3699939,3786841,3872349,3953393,4022431,4086405,4151823,4215248,4278656,4340390,4404090,4469337,4533894,4592149,4652458.931,4713168.141,4773129.934,4832233.813,4890379.452,4947489.593,5003401.958,5058007.147,5111238.216
Czech Republic,8925122,9023170,9125183,9220908,9290617,9365969,9442040,9513758,9574650,9618554,9659818,9588016,9621808,9668741,9730019,9785102,9826188,9854241,9877632,9896695,9805157,9830602,9868379,9919519,9994761,10062366,10128220,10189312,10245686,10296489,10326792,10303208,10314321,10322823,10330481,10336742,10340737,10348834,10356359,10362257,10362740,10308682,10317807,10330607,10336162,10330759,10315353,10303642,10294943,10282784,10272503,10224192,10200774,10201651,10206923,10234092,10266646,10322689,10429692,10491492,10517247,10496672,10509286,10510719,10524783,10542942,10565284,10589526,10626430,10669324,10700155
Denmark,4268468,4300376,4332355,4369279,4406576,4439006,4466527,4489871,4516287,4548660,4579603,4611690,4647733,4684481,4722074,4759011,4797381,4835358,4864879,4891860,4928748,4963126,4991596,5021862,5045298,5059862,5072597,5088420,5104248,5116802,5123027,5121572,5117810,5114297,5111619,5113691,5120534,5127024,5129517,5132594,5140939,5154298,5171370,5189377,5204994,5227861,5261503,5284220,5301304,5319111,5337344,5355082,5374255,5387174,5401177,5415978,5434567,5457415,5489022,5519441,5543819,5566856,5587085,5608784,5639719,5678348,5724456,5760694,5789957,5814461,5825337
Estonia,1100997,1113238,1125237,1136906,1148213,1159233,1170091,1181017,1192257,1204106,1216820,1230504,1245083,1260215,1275440,1290406,1304984,1319249,1333174,1346820,1360076,1376955,1392518,1405951,1418169,1429352,1439576,1450211,1460188,1468333,1477219,1487666,1498414,1508745,1518617,1528781,1540190,1552221,1561900,1568131,1569174,1561314,1533091,1494128,1462514,1436634,1415594,1399535,1386156,1375654,1396985,1388115,1379350,1370720,1362550,1354775,1346810,1340680,1337090,1334515,1331475,1327439,1322696,1317997,1314545,1314608,1315790,1317384,1321977,1326855,1329479
Finland,4008902,4047264,4090476,4139418,4186901,4234881,4281703,4324012,4359753,4394680,4429633,4461007,4491442,4523307,4548545,4563732,4580868,4605743,4626471,4623785,4606304,4612124,4639656,4666079,4690575,4711440,4725665,4738900,4752527,4764691,4779537,4799962,4826931,4855786,4881806,4902202,4918150,4932123,4946487,4964370,4986433,5013737,5041990,5066452,5088324,5107787,5124573,5139839,5153499,5165470,5176203,5188005,5200598,5213010,5228173,5246100,5266266,5288719,5313398,5338867,5363341,5388272,5413967,5438975,5461507,5479528,5495297,5508209,5515525,5521605,5529545
France,41828708,42155531,42459667,42751748,43056508,43427667,43843074,44310865,44788852,45239730,45684228,46162831,46997707,47816220,48310410,48757799,49163665,49548302,49915403,50317983,50772222,51251098,51700913,52118300,52460358,52699171,52908675,53145280,53376322,53606226,53880012,54181806,54492495,54772418,55026074,55284271,55546504,55823956,56117974,56423411,56708826,58425681,58711615,58961049,59175335,59383991,59589289,59795263,60011008,60315406,60724780,61163237,61604550,62037544,62490800,62958328,63393406,63781275,64133174,64458715,64773169,65087317,65402998,65735961,66276671,66512558,66688563,66883314,67068133,67215667,67347238
Germany,69966252,69565603,69974838,70365355,70755387,71147383,71146613,71209164,71752946,72286928,72814897,73377631,74025787,74714356,75318338,75963697,76600311,76951342,77294310,77909681,78169285,78312838,78688450,78936672,78967429,78673555,78336948,78159813,78091821,78126353,78288576,78407904,78333354,78128284,77858682,77684878,77720438,77839920,78144617,78751284,79433034,80013901,80624601,81156368,81438346,81678046,81914834,82034775,82047197,82100243,82211501,82349926,82488493,82534175,82516268,82469421,82376447,82266373,82110097,81902308,81776936,80274981,80425826,80645605,80982495,81686608,82348669,82657000,82905788,83092958,83160874
Greece,7554102,7632801,7743746,7836110,7893412,7965538,8031013,8096218,8173129,8258162,8327405,8398050,8448233,8479625,8510429,8550333,8613651,8716441,8740765,8772764,8792806,8831036,8888628,8929086,8962023,9046542,9167190,9308479,9429959,9548258,9642505,9729350,9789513,9846627,9895801,9934294,9967264,10000644,10037037,10089550,10196801,10319928,10399058,10460409,10512924,10562160,10608801,10661264,10720507,10761698,10805806,10862129,10902022,10928072,10955142,10987316,11020366,11048466,11077839,11107017,11121344,11104900,11045010,10965209,10892415,10820883,10775966,10754679,10732877,10721584,10707972
Hungary,9337770,9422958,9504043,9595144,9705833,9824908,9855888,9839364,9881594,9937033,9983514,10027958,10060823,10087948,10119834,10147932,10178653,10216607,10255807,10298722,10337912,10367535,10398491,10432053,10478720,10540523,10598674,10648028,10684829,10704148,10711126,10711853,10705537,10689467,10668092,10648715,10630565,10612743,10596489,10481717,10373987,10373398,10369339,10357518,10343359,10328967,10311235,10290475,10266571,10237527,10210965,10187578,10158610,10129554,10107140,10087064,10071374,10055778,10038186,10022647,10000020,9958824,9920364,9893083,9866466,9843025,9814026,9787969,9775566,9771142,9750153
Iceland,142660,145417,147762,150746,154272,157759,161097,164766,168490,172013,175573,179028,182376,185648,188983,192285,195568,198757,201487,203370,204438,206099,209137,212316,215206,217974,220151,221801,223537,225734,228133,230757,233855,236976,239506,241409,243187,245864,249734,252851,254820,257795,261053,263730,266021,267467,268918,271130,274049,277384,281200,284970,287516,289522,292077,296734,303784,311567,317404,318501,318044,319011,320723,323763,327379,330818,335435,343399,352722,360558,366462
Ireland,2969000,2960600,2952900,2949000,2941200,2920900,2898500,2885300,2852700,2845600,2832100,2818300,2830100,2850000,2863800,2875800,2884000,2899700,2912200,2925200,2949900,2978200,3024400,3073000,3123900,3177200,3227800,3271900,3314000,3368200,3401000,3443400,3480000,3504000,3529000,3540000,3540600,3546500,3530700,3509500,3505800,3525700,3554500,3574100,3585900,3601300,3626087,3664313,3703082,3741647,3789536,3847198,3917203,3979853,4045188,4133839,4232929,4375842,4485070,4533395,4554763,4574888,4593697,4614669,4645440,4687787,4739597,4792490,4857015,4921496,4977443
Israel,1103000,1324000,1429800,1467700,1500600,1555300,1626300,1721200,1782700,1836200,2150400,2234200,2331800,2430100,2525600,2598400,2657400,2708000,2806700,2879100,2958200,3045600,3225000,3277900,3377200,3455300,3533100,3613000,3692600,3786400,3877700,3949800,4020700,4106100,4159100,4233000,4298800,4368900,4441700,4518200,4660200,4949100,5123500,5261400,5399300,5544900,5685100,5828900,5970700,6125300,6289200,6439000,6570000,6689700,6809000,6930128,7053707,7180114.5,7308795,7485565,7623561,7765832,7910525,8059456,8215668,8380149,8546009,8713268,8882764,9054000,9215100
Italy,47104001,47407195,47665530,47957348,48299578,48632556,48921093,49183204,49476429,49832779,50199634,50536309,50879432,51251937,51675294,52112336,52518925,52900443,53235691,53537796,53821798,54073525,54381345,54751405,55110870,55440999,55718266,55955407,56155142,56317750,56433876,56501674,56543539,56564076,56576719,56593070,56596157,56601936,56629290,56671778,56719239,56758522,56797078,56831823,56843400,56844301,56860279,56890371,56906744,56916316,56942108,56976976,57089823,57399187,57828178,58166684,58399863,58756247,59211183,59555456,59819402,60026844,60191243,60311616,60320708,60229599,60115220,60002254,59877216,59729077,59449527
Japan,84109139,85475000,86765900,87955300,89026700,90076594,90992000,91763000,92621000,93514000,94301623,95181000,96087000,97075000,98110000,99209137,99978000,101145000,102287000,103491000,104665171,106100000,107595000,109104000,110573000,111939643,113094000,114165000,115190000,116155000,117060396,117902000,118728000,119536000,120305000,121048923,121660000,122239000,122745000,123205000,123611167,124101000,124567000,124938000,125265000,125570246,125864000,126166000,126486000,126686000,126925843,127291000,127435000,127619000,127687000,127767994,127900515,128032743,128083960,128031514,128057352,127834233,127592657,127413888,127237150,127094745,126932772,126706210,126443180,126166948,125708000
Korea,19211387,19452640,19817775,20293200,20864104,21514564,22227339,22984010,23765501,24552846,25012374,25765673,26513030,27261747,27984155,28704674,29435571,30130983,30838302,31544266,32240827,32882704,33505406,34103149,34692266,35280725,35848523,36411795,36969185,37534236,38123775,38723248,39326352,39910403,40405956,40805744,41213674,41621690,42031247,42449038,42869283,43295704,43747962,44194628,44641540,45092991,45524681,45953580,46286503,46616677,47008111,47370164,47644736,47892330,48082519,48184561,48438292,48683638,49054708,49307835,49554112,49936638,50199853,50428893,50746659,51014947,51217803,51361911,51606633,51709098,51780579
Latvia,1926568,1933995,1945956,1961660,1980396,2001570,2024678,2049314,2075182,2102010,2129584,2157660,2185873,2213805,2240947,2266938,2291471,2314506,2336318,2357389,2359164,2376389,2395674,2415819,2437186,2456130,2470989,2485073,2497921,2505953,2511701,2519421,2531080,2546011,2562047,2578873,2599892,2626583,2653434,2666955,2663146,2650581,2614338,2563289,2520742,2485054,2457226,2432851,2410027,2390477,2367549,2337172,2310176,2287955,2263123,2238799,2218351,2200325,2177324,2141668,2097553,2059710,2034324,2012647,1993785,1977523,1959535,1942247,1927170,1913826,1900448
Lithuania,2567407,2569617,2578051,2591374,2608525,2628752,2651634,2677006,2704988,2735866,2769879,2806924,2846393,2887072,2927385,2966165,3002792,3037458,3070698,3103509,3139689,3179041,3213622,3244438,3273894,3301652,3328664,3355036,3379514,3397842,3413202,3432947,3457179,3485192,3514205,3544543,3578914,3616367,3655049,3684255,3697838,3704134,3700114,3682613,3657144,3629102,3601613,3575137,3549331,3524237,3499534,3470817,3443066,3415209,3377073,3322525,3269903,3231297,3198234,3162911,3097292,3028119,2987773,2957689,2932366,2904908,2868234,2828398,2801541,2794135,2794890
Luxembourg,296005,297593,299500,301507,303449,305262,306938,308562,310258,312219,314585,317438,320699,324129,327360,330160,332423,334234,335829,337568,339174,342415,346600,350450,355049,358951,360728,361356,362010,362856,364152,365219,365525,365621,365997,366707,368354,370751,373450,377095,381857,386999,392171,397481,402921,408625,414228,419440,424699,430475,436303,441522,446166,451626,458098,465152,472641,479992,488647,497783,506953,518351,530952,543358,556322,569605,583459,596337,607950,620003,630413
Mexico,27026573,27780135,28578641,29418995,30311877,31272636,32281478,33337148,34439604,35591229,36786543,38025871,39306372,40619346,41970377,43359231,44779078,46234469,47720198,49236362,50778729,52354238,53973953,55619995,57293865,58993234,60702805,62414539,64131336,65849531,67561216,69267849,70973052,72671675,74359027,76030535,77689757,79339498,80970606,82579032,84169571,85748742,87312337,88850856,90362709,91843905,93294783,94720541,96116960,97482584,98785275,100105299,101493987,102890474,104272444,105669369,107155391,108744845,110405454,112095388,113748671,115367452,116935670,118453929,119936411,121347800,122715165,124041731,125327797,126577691,127792286
Netherlands,10113528,10264309,10381980,10493184,10615385,10750840,10889358,11026384,11186878,11347635,11486630,11638709,11805690,11965967,12127116,12294732,12456254,12598202,12729717,12877984,13038523,13194497,13328595,13439325,13545054,13666329,13774037,13856188,13941702,14038270,14149799,14247217,14312689,14367066,14424211,14491629,14572280,14665037,14760092,14848906,14951510,15069799,15184163,15290368,15382834,15459004,15530500,15610650,15707205,15812085,15925505,16046182,16148921,16225303,16281777,16319871,16346096,16381696,16445590,16530387,16615390,16693074,16754963,16804430,16865008,16939925,17030314,17131295,17231622,17344876,17441500
New Zealand,1909835,1949185,1997720,2049740,2096610,2141610,2187055,2236105,2289440,2337880,2381670,2432380,2488530,2541415,2591965,2640400,2687580,2728115,2758885,2788435,2828020,2875305,2929135,2992335,3058435,3117765,3153535,3164830,3165705,3164620,3170245,3185460,3210645,3245770,3278850,3298050,3308310,3327785,3343680,3357535,3390085,3495100,3531700,3572200,3620100,3673400,3732000,3781300,3815000,3835100,3857700,3880500,3948500,4027200,4087500,4133900,4184600,4223800,4259800,4302600,4350700,4384000,4408100,4442100,4516500,4609400,4714100,4813600,4900600,4979200,5093600
Norway,3265127,3295871,3327736,3360892,3394243,3428210,3460779,3491935,3522996,3552852,3581241,3609801,3638921,3666538,3694339,3723172,3753013,3784533,3816488,3847710,3875757,3903034,3933001,3960614,3985262,4007319,4026151,4043204,4058674,4072514,4085620,4099703,4114786,4128434,4140098,4152518,4167357,4186905,4209489,4226909,4241476,4261738,4286397,4311984,4336614,4359187,4381339,4405158,4431465,4461915,4490973,4513747,4538157,4564856,4591909,4623293,4660673,4709156,4768215,4828716,4889253,4953089,5018574,5080171,5137427,5189898,5236152,5276965,5311916,5347893,5379472
Poland,24824007,25283013,25764322,26260482,26764490,27269742,27770044,28259605,28733123,29185902,29405729,29965300,30323900,30690900,31161200,31495900,31698000,31943900,32304800,32555100,32642270,32749400,33068000,33362700,33691008,34022130,34362133,34697576,35009862,35256645,35578019,35901961,36227381,36571418,36913515,37202981,37455681,37663756,37862063,37962808,38030500,38108500,38173500,38221000,38252000,38274500,38289000,38292000,38283500,38270000,38258477.5,38248076,38232301,38195177,38180249,38161313,38132277,38115967,38115909,38153389,38516689,38525670,38533789,38502396,38483957,38454576,38426809,38422346,38413139,38386476,38354173
Portugal,8439171,8493316,8556085,8581255,8605700,8640325,8683020,8712675,8749935,8800845,8857716,8929316,8993985,9030355,9035365,8998595,8930990,8874520,8836650,8757705,8680431,8643755,8630430.5,8633100.5,8754362.5,9093471,9355812,9455672.5,9558247.5,9661264.5,9766275,9851325,9911770.5,9957865,9996232,10023613,10032733.5,10030030.5,10019610,10005000,9983218,9960235,9952493.5,9964674.5,9991525,10026176,10063944.5,10108977,10160196,10217828,10289898,10362721.5,10419630.5,10458821,10483861,10503330,10522288,10542963.5,10558176.5,10568246.5,10573100,10557559.5,10514843.5,10457295,10401061.5,10358076,10325451.5,10300300,10283822,10286263,10297080.5
Slovak Republic,3463446,3508698,3558137,3598761,3661437,3726601,3787111,3844277,3899751,3946039,3994270,4191977,4238056,4282865,4327949,4373595,4413853,4450880,4483656,4518773,4528459,4559341,4596330,4640673,4691014,4739301,4789452,4840819,4891673,4940223,4984331,5017032,5054770,5091537,5127719,5161789,5192789,5223609,5251120,5276186,5297774,5283404,5306539,5324632,5347413,5363676,5373793,5383233,5390866,5395324,5400679,5379780,5378809,5378950,5382574,5387285,5391184,5397766,5406972,5418374,5431024,5398384,5407579,5413392.5,5418649,5423800.5,5430797.5,5439231.5,5446770.5,5454147,5458827
Slovenia,1466881,1480245,1493550,1508428,1521485,1533998,1545591,1556521,1566979,1576204,1580145,1595450,1604980,1614414,1630553,1650413,1669606,1690939,1703708,1714022,1726513,1729941,1741343,1753296,1766040,1778454,1786977,1799384,1810997,1824001,1884477,1896133,1910335,1922322,1932154,1941640,1980718,1989462,1999988,1999404,1998090,2001768,1995832,1990623,1988850,1987505,1991169,1986848,1982603,1985557,1990272,1992035,1995718,1996773,1997004,2001114,2008516,2019406,2022629,2042335,2049261,2052496,2056262,2059114,2061623,2063077,2064241,2066161,2070050,2089310,2100126
Spain,28069734,28219620,28399033,28600360,28818012,29048392,29290079,29543626,29811311,30096577,30402413,30729650,31023366,31296651,31609195,31954292,32283194,32682947,33113135,33441054,33752818,34216274,34571714,34921497,35287558,35687714,36118035,36563834,36971471,37289006,37526911,37764458,37987108,38160263,38325244,38467025,38571941,38682322,38764307,38821377,38860827,38941622,39147940,39356082,39547353,39718895,39884246,40049974,40214066,40369667,40554387,40766049,41423520,42196231,42859172,43662613,44360521,45236004,45983169,46367550,46562483,46736257,46766403,46593236,46455123,46410149,46449874,46532869,46728814,47105358,47351567
Sweden,7016496,7072824,7124675,7171458,7213487,7262384,7315622,7366998,7414468,7453705,7484655,7519998,7561582,7604326,7661351,7733852,7807795,7867942,7911980,7967732,8042706,8098145,8122154,8136779,8160562,8192567,8222309,8251653,8275775,8293728,8310477,8320482,8325260,8329025,8336595,8350378,8369824,8397797,8436483,8492959,8558834,8617376,8668065,8718558,8780741,8826944,8840999,8846059,8850975,8857879,8872112,8895963,8924960,8958232,8993534,9029567,9080506,9148093,9219639,9298512,9378131,9449216,9519379,9600374,9696105,9799183,9923086,10057695,10175215,10278888,10353444
Switzerland,4692704,4748057,4811514,4875565,4938609,5001962,5065497,5130046,5196395,5262793,5327872,5434294,5573815,5694247,5789228,5856472,5918002,5991785,6067714,6136387,6180882,6213405,6260956,6307348,6341406,6338632,6302505,6281175,6281737,6294364,6319409,6354073,6391309,6418774,6441865,6470366,6504125,6545107,6593387,6646912,6712273,6799979,6875364,6938265,6993795,7040687,7071851,7088906,7110002,7143991,7184250,7226647,7284754,7339002,7389626,7437116,7483935,7551117,7647676,7743832,7824910,7912396,7996861,8089346,8188646,8282398,8373334,8451834,8514327,8575280,8636563
Turkey,20807000,21351000,21952000,22569000,23204000,23857000,24540000,25250000,25981000,26733000,27506000,28227000,28931000,29652000,30391000,31149000,31936000,32750000,33586000,34443000,35321000,36215000,37133000,38073000,39037000,40026000,40916000,41769000,42641000,43531000,44439000,45540000,46688000,47864000,49070000,50307000,51480000,52370000,53268000,54192000,55120000,56055000,56986000,57913000,58837000,59756000,60671000,61582000,62464000,63364000,64268751,65166330.5,66002505.5,66794551,67598736,68435380,69295253,70158111.5,71051689,72039215,73142162,74223642,75175836,76147634,77181894,78218488,79277971,80312708,81407211,82579448,83384688
United Kingdom,50373389,50282336,50443878,50610712,50784636,50968092,51208178,51455520,51680292,51985360,52448523,52708934,53341128,53678200,54065700,54435700,54654100,54978400,55282500,55534000,55710700,55928013,56096677,56222893,56235642,56225718,56216121,56189910,56178025,56240053,56329673,56357464,56290711,56315677,56409327,56553955,56683835,56803958,56916448,57076451,57237493,57438658,57584530,57713889,57862145,58024799,58164374,58314249,58474943,58684427,58886065,59113016,59365677,59636662,59950364,60413276,60827067,61319075,61823772,62260486,62759456,63285145,63705030,64105654,64596752,65110034,65648054,66040229,66435550,66796807,67081234
United States,152271417,154877889,157552740,160184192,163025854,165931202,168903031,171984130,174881904,177829628,180671158,183691481,186537737,189241798,191888791,194302963,196560338,198712056,200706052,202676946,205052174,207660677,209896021,211908788,213853928,215973199,218035164,220239425,222584545,225055487,227224681,229465714,231664458,233791994,235824902,237923795,240132887,242288918,244498982,246819230,249622814,252980941,256514224,259918588,263125821,266278393,269394284,272646925,275854104,279040168,282162411,284968955,287625193,290107933,292805298,295516599,298379912,301231207,304093966,306771529,309327143,311583481,313877662,316059947,318386329,320738994,323071755,325122128,326838199,328329953,329484123
Argentina,17150336,17517342,17876954,18230815,18580556,18927820,19271511,19610538,19946536,20281148,20616010,20950583,21283784,21616406,21949246,22283102,22611643,22934338,23260684,23600177,23962314,24354307,24769829,25198050,25628164,26049353,26458241,26862054,27265831,27674632,28093507,28524120,28963109,29407972,29856213,30305336,30757601,31214665,31673154,32129676,32580854,33028546,33475005,33917440,34353066,34779096,35195575,35604362,36005387,36398577,36783859,37156654,37537783,37927463,38325927,38733406,39127239,39529440,39940234,40359828,40788453,41261490,41733271,42202935,42669500,43131966,43590368,44044811,44494502,44938712,45376763
Brazil,53974728,55606413,57283658,58999276,60749490,62533920,64355709,66221469,68140426,70123372,72179235,74311338,76514329,78772647,81064572,83373533,85696502,88035815,90387079,92746607,95113265,97482928,99859388,102259497,104706193,107216209,109790943,112425392,115121158,117878412,122081510,124807167,127604588,130434274,133238189,135979454,138662472,141282564,143851505,146393753,148935328,151467861,153973883,156454116,158910651,161345581,163767821,166187066,168606400,171029011,173765726,176208646,178499255,180708344,182865043,184991143,187061610,189038268,191010274,192980905,194890682,196603732,198314934,200004188,201717541,203475683,205156587,206804741,208494900,210147125,211755692
Bulgaria,7250996,7310533,7372016,7434686,7497950,7561487,7625194,7689135,7753612,7819004,7867374,7943118,8012946,8078145,8144340,8204168,8258057,8310226,8369603,8434172,8489574,8536395,8576200,8620967,8678745,8720742,8758599,8804183,8814032,8825940,8861535,8891117,8917457,8939738,8960679,8960547,8958171,8971359,8981446,8876972,8718289,8632367,8540164,8472313,8443591,8406067,8362826,8312068,8256786,8210624,8170172,8009141.5,7837160.5,7775326.5,7716860,7658972,7601022,7545337.5,7492560.5,7444442.5,7395598.5,7348327.5,7305888,7265114.5,7223937.5,7177991,7127821.5,7075946.5,7025036.5,6975760.5,6934015
China,554419269,569909108,582576497,593365882,603052316,612241552,621363233,630677648,640295777,650212731,660408054,670952701,682102654,694339084,708254602,724218970,742414887,762581176,784074715,805985941,827601385,848759709,869485962,889485368,908464206,926240889,942685412,957891271,972205441,986132214,1000089228,1014022211,1027948989,1042431401,1058171973,1075589363,1095014106,1116095475,1137724234,1158357393,1176883681,1192897277,1206711243,1218817059,1230020026,1240920539,1251636178,1261996017,1271982349,1281514833,1290550767,1299129747,1307352256,1315303522,1323084639,1330776380,1338408644,1345993891,1353569480,1361169410,1368810604,1376497633,1384206408,1391883335,1399453966,1406847868,1414049353,1421021794,1427647789,1433783692,1439323774
Croatia,3850297,3886221,3922673,3959116,3995136,4030415,4064775,4098126,4130491,4161965,4192635,4222503,4251421,4279061,4304988,4328923,4350816,4370859,4389321,4406606,4423073,4438815,4453988,4469038,4484523,4500867,4518102,4536199,4555419,4576033,4598130,4621419,4645413,4669614,4693431,4716117,4737948,4758151,4773682,4780628,4776374,4760003,4732862,4697538,4657803,4616766,4574888,4532401,4491907,4456437,4428075,4299642,4302174,4303399,4304600,4310145,4311159,4310217,4309705,4305181,4295427,4280622,4267558,4255689,4238389,4203604,4174349,4124531,4087843,4065253,4047700
Cyprus,494018,500384,506630,513429,521186,529970,539568,549465,558897,566969,572933,576402,577696,577918,578628,580972,585313,591301,598495,606121,613618,620860,628002,635105,642322,649753,657524,665521,673253,680010,685408,689170,523734,528071,534958,541502,547747,553736,559639,567674,579898,595105,611151,626087,639170,650860,661326,670764,679042,686675,694020,701537,709631,718305,727977,738541,750964,767128,786630,808038,829444,850882,863945,861938,852511,847662,851559,859520,870071,881949,892828
India,376325200,382376945,388799076,395544365,402578594,409880606,417442811,425270709,433380978,441798571,450547675,459642166,469077191,478825602,488848139,499123328,509631509,520400577,531513834,543084333,555189797,567868021,581087255,594770136,608802595,623102900,637630085,652408766,667499815,682995348,698952837,715384997,732239498,749428958,766833411,784360012,801975250,819682095,837468938,855334675,873277799,891273202,909307018,927403866,945601828,963922586,982365248,1000900028,1019483586,1038058154,1056575548,1075000094,1093317187,1111523146,1129623466,1147609924,1165486291,1183209471,1200669762,1217726217,1234281163,1250287939,1265780243,1280842119,1295600768,1310152392,1324517250,1338676779,1352642283,1366417756,1380004385
Indonesia,69543321,70849443,72274629,73820844,75487888,77273427,79172800,81179211,83284051,85477628,87751066,90098396,92518373,95015295,97596728,100267070,103025423,105865576,108779926,111758566,114793179,117880146,121017316,124199693,127422198,130680730,133966940,137278057,140621731,144009844,147447834,150938222,154468235,158009248,161523353,164982452,168374287,171702756,174975953,178209147,181413398,184591897,187739786,190851184,193917458,196934257,199901231,202826444,205724597,208615171,211513822,214427419,217357790,220309473,223285666,226289468,229318262,232374239,235469755,238620554,241834226,245115988,248451714,251805314,255128076,255587900,258496500,261355500,264161600,266911900,269603400
Malta,311998,312215,312746,313266,313562,313523,313195,312702,312303,312316,312973,314414,316520,318888,320927,322238,322696,322457,321762,321031,320548,320364,320437,320801,321436,322358,323579,325126,326984,329117,331494,334115,336964,339984,330593,336452,342121,344485,347325,350722,354170,357727,361260,364704,367941,370433,372687,375236,377516,379360,385808,393028,395969,398582,401263,403825,405311,406725,409377,412474,414509,416264,420033,425968,434557,445056,455356,468005,484634,504059,520193
Romania,16236289,16512670,16764911,17005719,17243812,17483935,17726634,17968470,18202715,18420450,18613945,18780210,18924152,19059934,19207139,19379575,19582332,19810612,19799831,20009141,20250396,20461575,20657956,20835682,21029428,21293586,21551631,21756097,21951467,22090484,22207284,22353071,22475742,22560476,22640545,22732997,22836836,22949427,23057660,23161460,23201832,23001160,22794284,22763283,22730216,22684268,22619005,22553982,22507354,22472043,22442973,22131974,21675775,21574365,21451845,21319673,21193749,20882980,20537848,20367437,20246798,20147657,20060182,19988694,19916451,19822250,19706424,19592933,19476713,19375835,19260218
Russia,102798649,104304698,105967087,107727310,109536504,111355301,113154332,114913780,116622392,118275873,119871700,121403897,122858215,124210253,125430991,126503741,127417192,128187398,128859795,129497500,130148650,130830724,131539634,132275730,133032258,133804859,134596225,135413335,136259824,137139387,138053143,138993850,139954626,140935774,141938482,142957289,143995348,145032886,146013482,146863927,147969413,148394220,148538190,148458780,148407906,148375796,148160121,147915371,147670787,147214777,146596873,145976465,145306489,144565937,143821218,143113885,142487259,142114903,141956413,141909248,142389969,142960911,143201721,143506995,143819657,146406004,146674542,146842404,146830572,146764661,146459803
Saudi Arabia,3121340,3198811,3283593,3372837,3464662,3558165,3653505,3751798,3855030,3965799,4086534,4218852,4362788,4516540,4677304,4843632,5015353,5195124,5387822,5599909,5836388,6100631,6392973,6711922,7054532,7419486,7802928,8207695,8646845,9137928,9691471,10311771,10988851,11701132,12418836,13118998,13794167,14445663,15070082,15666289,16233786,16772695,17282686,17763297,18214475,18638790,19033843,19407138,19783301,20194531,20663840,21202646,21805322,22456645,23132686,23816175,24498313,25184589,25888535,26630303,27421468,28267591,29154906,30052058,30916603,31717676,31787580,32612641,33413660,34218169,35013414
Singapore,1022095,1067797,1119932,1177580,1239692,1305103,1372516,1440490,1507544,1572174,1646400,1702400,1750200,1795000,1841600,1886900,1934400,1977600,2012000,2042500,2013563,2112900,2152400,2193000,2229800,2262600,2293300,2325300,2353600,2383500,2282125,2324403,2365707,2406165,2443705,2482615,2518598,2553864,2598458,2647627,2735868,2794704,2849754,2904547,2959350,3013515,3068132,3123403,3180018,3229681,3273363,3325902,3382944,3366891,3413266,3467814,3525894,3583082,3642659,3733876,3771721,3789251,3818205,3844751,3870739,3902690,3933559,3965796,3994283,4026209,4044210
South Africa,13628434,13921934,14226257,14541560,14868163,15206501,15557198,15921020,16298795,16691451,17099836,17524533,17965733,18423157,18896303,19384838,19888259,20406863,20942147,21496075,22069783,22665265,23281517,23913090,24552540,25195184,25836890,26480915,27138966,27827325,28556771,29333095,30150448,30993762,31841588,32678876,33495956,34297727,35100905,35930056,36800507,37718952,38672611,39633754,40564061,41435761,42241007,42987456,43682259,44338551,44967713,45571272,46409106,46866012,47377063,47920487,48486679,49098845,49757466,50469139,51226051,52018393,52827909,53649096,54488424,55319826,56140764,56990964,57859351,58726826,59538697
